{
  "$schema": "http://json-schema.org/schema#",
  "type": "object",
  "title": "Values",
  "additionalProperties": false,
  "properties": {
    "global": {
      "type": "object"
    },
    "nameOverride": {
      "description": "Override name of the chart used in Kubernetes object names.",
      "type": "string"
    },
    "fullnameOverride": {
      "description": "Override fully qualified app name.",
      "type": "string"
    },
    "clusterName": {
      "description": "Cluster Name",
      "type": "string"
    },
    "endpoint": {
      "type": "object",
      "additionalProperties": false,
      "required": [
        "address"
      ],
      "properties": {
        "address": {
          "type": "string"
        },
        "port": {
          "type": "integer"
        }
      }
    },
    "resources": {
      "type": "object",
      "additionalProperties": false,
      "properties": {
        "limits": {
          "type": "object",
          "additionalProperties": false,
          "properties": {
            "cpu": {
              "type": [
                "string",
                "integer"
              ]
            },
            "memory": {
              "type": "string"
            }
          }
        },
        "requests": {
          "type": "object",
          "additionalProperties": false,
          "properties": {
            "cpu": {
              "type": [
                "string",
                "integer"
              ]
            },
            "memory": {
              "type": "string"
            }
          }
        }
      }
    },
    "image": {
      "description": "images",
      "type": "object",
      "additionalProperties": false,
      "properties": {
        "tag": {
          "type": "string"
        },
        "registry": {
          "type": "string"
        },
        "pullPolicy": {
          "type": "string",
          "enum": [
            "IfNotPresent",
            "Always",
            "Never"
          ]
        }
      }
    },
    "imagePullSecrets": {
      "type": "array",
      "items": {
        "type": "string"
      }
    },
    "log": {
      "type": "object",
      "additionalProperties": false,
      "properties": {
        "console": {
          "type": "boolean"
        },
        "level": {
          "type": "string",
          "enum": [
            "error",
            "warning",
            "info",
            "debug",
            "trace"
          ]
        }
      }
    },
    "debug": {
      "type": "object",
      "additionalProperties": false,
      "properties": {
        "enabled": {
          "type": "boolean"
        },
        "storeMinidump": {
          "type": "boolean"
        },
        "sendUnplannedExitMetric": {
          "type": "boolean"
        }
      }
    },
    "kernelCollector": {
      "type": "object",
      "additionalProperties": true
    },
    "cloudCollector": {
      "type": "object",
      "additionalProperties": true
    },
    "k8sCollector": {
      "type": "object",
      "additionalProperties": true
    },
    "reducer": {
      "type": "object",
      "additionalProperties": true
    },
    "rbac": {
      "type": "object",
      "additionalProperties": false,
      "properties": {
        "create": {
          "type": "boolean"
        }
      }
    }
  },
  "required": [
    "clusterName"
  ]
}